{"cameraMode":{"drawMode":0,"name":"Shaded","section":"Shading Mode"},"sceneLighting":true,"audioPlay":false,"sceneViewState":{"m_AlwaysRefresh":false,"showFog":true,"showSkybox":true,"showFlares":true,"showImageEffects":true,"showParticleSystems":true,"showVisualEffectGraphs":true,"m_FxEnabled":true},"in2DMode":false,"pivot":{"x":388.916748046875,"y":15.595136642456055,"z":293.7651062011719},"rotation":{"x":-0.11092963069677353,"y":-0.25955796241760256,"z":0.029098983854055406,"w":-0.9591636061668396},"size":0.22895294427871705,"orthographic":false}